<?xml version="1.0" encoding="UTF-8"?>
<TablacusExplorer><mouse Enabled="1"/><key Enabled="1"/><addressbar Enabled="1" Menu="Edit" MenuPos="-1" KeyExec="1" KeyOn="All" Key="Alt+D"/><filterbar Enabled="1" MenuPos="-1" KeyExec="1" KeyOn="All" Key="Ctrl+E"/><back Enabled="1"/><forward Enabled="1"/><up Enabled="1" Menu="View" MenuPos="-1" MenuName="&amp;Up One Level" KeyOn="List" Key="$e" MouseOn="List" Mouse="2U"/><treeview Enabled="1" MenuPos="-1" List="1"/><toolbar Enabled="1"/><mainmenu Enabled="1"/><titlebar Enabled="1"/><tabplus Enabled="1" Icon="1" Drive="1" New="1"/><multithread Enabled="1" Copy="1" Move="1" Delete="1"/><remember Enabled="1"/><undoclosetab Enabled="3" MenuExec="1" Menu="Tabs" MenuPos="0" MenuName="&amp;Undo close tab" KeyExec="1" Key="Shift+Ctrl+T" KeyOn="All" MouseExec="1" Mouse="3" MouseOn="Tabs_Background"/><extract Enabled="0"/><download Enabled="0"/><favoritesbar Enabled="0"/><favbar Enabled="1"/><split Enabled="1"/><stripeslite Enabled="1"/></TablacusExplorer>
