<?xml version="1.0" encoding="UTF-8"?>
<TablacusExplorer><Item>C:\01.Business\@@@竹花MUP\17.Promotion_Structure
C:\01.Business\@@@竹花MUP
C:\01.Business\@@@新しいビジネスモデル_タダで上げる\01.便せんイラストレーター
C:\01.Business\@@@新しいビジネスモデル_タダで上げる\01.便せんイラストレーター\BackupPDF
C:\01.Business\@@@新しいビジネスモデル_タダで上げる\01.便せんイラストレーター
C:\01.Business\@@@新しいビジネスモデル_タダで上げる
C:\01.Business\90.DownloadTool\09.CudePDF\CubePDF Utility2
C:\01.Business\90.DownloadTool\09.CudePDF
C:\01.Business\90.DownloadTool
C:\01.Business\@@@新しいビジネスモデル_タダで上げる\01.便せんイラストレーター
C:\01.Business\@@@新しいビジネスモデル_タダで上げる\01.便せんイラストレーター\Backupイラストレーター\20201111
C:\01.Business\@@@新しいビジネスモデル_タダで上げる\01.便せんイラストレーター\Backupイラストレーター
C:\01.Business\@@@新しいビジネスモデル_タダで上げる\01.便せんイラストレーター
C:\01.Business\@@@新しいビジネスモデル_タダで上げる\01.便せんイラストレーター\BackupPDF\20201111_0945
C:\01.Business\@@@新しいビジネスモデル_タダで上げる\01.便せんイラストレーター\BackupPDF
C:\01.Business\@@@新しいビジネスモデル_タダで上げる\01.便せんイラストレーター
C:\01.Business\@@@新しいビジネスモデル_タダで上げる\01.便せんイラストレーター\BackupPDF
C:\01.Business\@@@新しいビジネスモデル_タダで上げる\01.便せんイラストレーター
C:\01.Business\@@@新しいビジネスモデル_タダで上げる\01.便せんイラストレーター\BackupPDF
C:\01.Business\@@@新しいビジネスモデル_タダで上げる\01.便せんイラストレーター
C:\01.Business\@@@新しいビジネスモデル_タダで上げる\01.便せんイラストレーター\Backupイラストレーター
C:\01.Business\@@@新しいビジネスモデル_タダで上げる\01.便せんイラストレーター\Backupイラストレーター\20201110
C:\01.Business\@@@新しいビジネスモデル_タダで上げる\01.便せんイラストレーター\Backupイラストレーター
C:\01.Business\@@@新しいビジネスモデル_タダで上げる\01.便せんイラストレーター
C:\01.Business\@@@新しいビジネスモデル_タダで上げる\01.便せんイラストレーター\BackupPDF
C:\01.Business\@@@新しいビジネスモデル_タダで上げる\01.便せんイラストレーター
C:\01.Business\@@@新しいビジネスモデル_タダで上げる\01.便せんイラストレーター\BackupPDF
C:\01.Business\@@@新しいビジネスモデル_タダで上げる\01.便せんイラストレーター
C:\01.Business\@@@新しいビジネスモデル_タダで上げる\01.便せんイラストレーター\Backupイラストレーター\20201109_暫定１
C:\01.Business\@@@新しいビジネスモデル_タダで上げる\01.便せんイラストレーター\Backupイラストレーター
C:\01.Business\@@@新しいビジネスモデル_タダで上げる\01.便せんイラストレーター
C:\01.Business\@@@新しいビジネスモデル_タダで上げる\01.便せんイラストレーター\Backupイラストレーター
0</Item><Item>C:\01.Business\00.第5段DM配送_50人_ネガティブ押しまくり11回\03.宛名リスト
C:\01.Business\00.第5段DM配送_50人_ネガティブ押しまくり11回
C:\01.Business\@@@新しいビジネスモデル_タダで上げる\01.便せんイラストレーター
0</Item><Item>C:\01.Business\00.第2段DM配送_ネクストライナー200件
C:\01.Business
C:\01.Business\@@@新しいビジネスモデル_タダで上げる\01.便せんイラストレーター
0</Item><Item>C:\01.Business\00.第2段DM配送_ネクストライナー200件
C:\01.Business\00.第2段DM配送_ネクストライナー200件\08.印刷のみ依頼
C:\01.Business\00.第2段DM配送_ネクストライナー200件
C:\01.Business\00.第2段DM配送_ネクストライナー200件\01.封筒と便せんをイラストレーター
C:\01.Business\00.第2段DM配送_ネクストライナー200件
C:\01.Business\00.第5段DM配送_50人_ネガティブ押しまくり11回\03.宛名リスト
C:\01.Business\00.第5段DM配送_50人_ネガティブ押しまくり11回
C:\01.Business\04.Eclipse\02.Eclipse\eclipse\workspace\HtmlScripingTool__東京市町村
C:\01.Business\04.Eclipse\02.Eclipse\eclipse\workspace\HtmlScripingTool__東京市町村\input
C:\01.Business\04.Eclipse\02.Eclipse\eclipse\workspace\HtmlScripingTool__東京市町村
C:\01.Business\04.Eclipse\02.Eclipse\eclipse\workspace\HtmlScripingTool__東京市町村\inputBackup
C:\01.Business\04.Eclipse\02.Eclipse\eclipse\workspace\HtmlScripingTool__東京市町村
C:\01.Business\04.Eclipse\02.Eclipse\eclipse\workspace\HtmlScripingTool__東京市町村\input
C:\01.Business\04.Eclipse\02.Eclipse\eclipse\workspace\HtmlScripingTool__東京市町村
C:\01.Business\04.Eclipse\02.Eclipse\eclipse\workspace\HtmlScripingTool__東京市町村\inputBackup
C:\01.Business\04.Eclipse\02.Eclipse\eclipse\workspace\HtmlScripingTool__東京市町村\inputBackup\07_埼玉県_26さいたま市
C:\01.Business\04.Eclipse\02.Eclipse\eclipse\workspace\HtmlScripingTool__東京市町村\inputBackup
C:\01.Business\04.Eclipse\02.Eclipse\eclipse\workspace\HtmlScripingTool__東京市町村\inputBackup\06_23区_24渋谷区、新宿区
C:\01.Business\04.Eclipse\02.Eclipse\eclipse\workspace\HtmlScripingTool__東京市町村\inputBackup
C:\01.Business\04.Eclipse\02.Eclipse\eclipse\workspace\HtmlScripingTool__東京市町村\inputBackup\07_埼玉県_26さいたま市
C:\01.Business\04.Eclipse\02.Eclipse\eclipse\workspace\HtmlScripingTool__東京市町村\inputBackup
C:\01.Business\04.Eclipse\02.Eclipse\eclipse\workspace\HtmlScripingTool__東京市町村\inputBackup\06_23区_24渋谷区、新宿区
C:\01.Business\04.Eclipse\02.Eclipse\eclipse\workspace\HtmlScripingTool__東京市町村\inputBackup
C:\01.Business\04.Eclipse\02.Eclipse\eclipse\workspace\HtmlScripingTool__東京市町村\inputBackup\07_埼玉県_26さいたま市
C:\01.Business\04.Eclipse\02.Eclipse\eclipse\workspace\HtmlScripingTool__東京市町村\inputBackup
C:\01.Business\04.Eclipse\02.Eclipse\eclipse\workspace\HtmlScripingTool__東京市町村\inputBackup\06_23区_21渋谷区、新宿区
C:\01.Business\04.Eclipse\02.Eclipse\eclipse\workspace\HtmlScripingTool__東京市町村\inputBackup
C:\01.Business\04.Eclipse\02.Eclipse\eclipse\workspace\HtmlScripingTool__東京市町村\inputBackup\07_さいたま市
C:\01.Business\04.Eclipse\02.Eclipse\eclipse\workspace\HtmlScripingTool__東京市町村\inputBackup
C:\01.Business\04.Eclipse\02.Eclipse\eclipse\workspace\HtmlScripingTool__東京市町村\inputBackup\06_23区_21渋谷区、新宿区
C:\01.Business\04.Eclipse\02.Eclipse\eclipse\workspace\HtmlScripingTool__東京市町村\inputBackup
C:\01.Business\04.Eclipse\02.Eclipse\eclipse\workspace\HtmlScripingTool__東京市町村
0</Item><Item>0
D:
C:\01.Business\00.第3段DM配送_50人\01.便せんイラストレーター\第8回PDF
C:\01.Business\00.第3段DM配送_50人\01.便せんイラストレーター
C:\01.Business\00.第3段DM配送_50人\01.便せんイラストレーター\第7回PDF
C:\01.Business\00.第3段DM配送_50人\01.便せんイラストレーター
C:\01.Business\00.第3段DM配送_50人\01.便せんイラストレーター\第7回PDF
C:\01.Business\00.第3段DM配送_50人\01.便せんイラストレーター
C:\01.Business\00.第3段DM配送_50人\01.便せんイラストレーター\第8回PDF
C:\01.Business\00.第3段DM配送_50人\01.便せんイラストレーター
C:\01.Business\00.第3段DM配送_50人
C:\01.Business
0
17
0</Item><Item>0
D:
C:\01.Business\@@@成約まとめ\02.申し込み後手紙
C:\01.Business\@@@成約まとめ
C:\01.Business\00.第3段DM配送_50人\01.便せんイラストレーター
C:\01.Business\00.第3段DM配送_50人
C:\01.Business
C:\01.Business\00.第3段DM配送_50人
C:\01.Business\00.第3段DM配送_50人\04.不安レポート
C:\01.Business\00.第3段DM配送_50人\02.同意書と説明書
C:\01.Business\00.第2段DM配送\09.手渡しの便せんシリーズ\01.同意書とマニュアル\02.HPなし_22部
C:\01.Business\00.第2段DM配送\09.手渡しの便せんシリーズ\01.同意書とマニュアル
C:\01.Business\00.第3段DM配送_50人\04.不安レポート
C:\01.Business\00.第3段DM配送_50人
C:\01.Business\00.第2段DM配送\09.手渡しの便せんシリーズ\04.不安レポート
C:\01.Business\00.第2段DM配送\09.手渡しの便せんシリーズ
C:\01.Business\00.第2段DM配送\04.不安レポート
C:\01.Business\00.第2段DM配送
C:\01.Business
C:\01.Business\00.第3段DM配送_50人
C:\01.Business\00.第3段DM配送_50人\01.便せんイラストレーター
C:\01.Business\00.第3段DM配送_50人\01.便せんイラストレーター\第1回PDF
C:\01.Business\00.第3段DM配送_50人\01.便せんイラストレーター
C:\01.Business\00.第3段DM配送_50人\01.便せんイラストレーター\第2回PDF
C:\01.Business\00.第3段DM配送_50人\01.便せんイラストレーター
C:\01.Business\00.第3段DM配送_50人\01.便せんイラストレーター\第3回PDF
C:\01.Business\00.第3段DM配送_50人\01.便せんイラストレーター
C:\01.Business\00.第3段DM配送_50人\01.便せんイラストレーター\第1回PDF
C:\01.Business\00.第3段DM配送_50人\01.便せんイラストレーター
C:\01.Business\00.第3段DM配送_50人\01.便せんイラストレーター\第2回PDF
C:\01.Business\00.第3段DM配送_50人\01.便せんイラストレーター
C:\01.Business\00.第3段DM配送_50人
0</Item><Item>C:\01.Business\00.第3段DM配送_50人\03.宛名リスト
C:\01.Business\00.第3段DM配送_50人
C:\01.Business\@@@竹花MUP\03.ブランド戦略
C:\01.Business\@@@竹花MUP
C:\01.Business\@@@竹花MUP\02.コミュニティ・ストラクチャー
C:\01.Business\@@@竹花MUP
C:\01.Business\00.第2段DM配送\09.手渡しの便せんシリーズ\01.同意書とマニュアル
C:\01.Business\00.第2段DM配送\09.手渡しの便せんシリーズ\01.同意書とマニュアル\01.HPあり_18部
C:\01.Business\00.第2段DM配送\09.手渡しの便せんシリーズ\01.同意書とマニュアル
C:\01.Business\00.第2段DM配送\09.手渡しの便せんシリーズ\01.同意書とマニュアル\02.HPなし_22部
C:\01.Business\00.第2段DM配送\09.手渡しの便せんシリーズ\01.同意書とマニュアル
C:\01.Business\00.第2段DM配送\09.手渡しの便せんシリーズ
C:\01.Business\00.第2段DM配送
C:\01.Business\00.第3段DM配送_50人\03.宛名リスト
C:\01.Business\00.第3段DM配送_50人
C:\01.Business
C:\01.Business\04.Eclipse\02.Eclipse\eclipse\workspace\HtmlScripingTool__Indeed2
C:\01.Business\04.Eclipse\02.Eclipse\eclipse\workspace\HtmlScripingTool__Indeed2\10.杉並区
C:\01.Business\04.Eclipse\02.Eclipse\eclipse\workspace\HtmlScripingTool__Indeed2
C:\01.Business\04.Eclipse\02.Eclipse\eclipse\workspace\HtmlScripingTool__Indeed2\10.杉並区
C:\01.Business\04.Eclipse\02.Eclipse\eclipse\workspace\HtmlScripingTool__Indeed2
C:\01.Business\04.Eclipse\02.Eclipse\eclipse\workspace\HtmlScripingTool__Indeed2\10.杉並区
C:\01.Business\04.Eclipse\02.Eclipse\eclipse\workspace\HtmlScripingTool__Indeed2
C:\01.Business\04.Eclipse\02.Eclipse\eclipse\workspace\HtmlScripingTool__Indeed2\09.大田区
C:\01.Business\04.Eclipse\02.Eclipse\eclipse\workspace\HtmlScripingTool__Indeed2
C:\01.Business\04.Eclipse\02.Eclipse\eclipse\workspace\HtmlScripingTool__Indeed2\10.杉並区
C:\01.Business\04.Eclipse\02.Eclipse\eclipse\workspace\HtmlScripingTool__Indeed2
C:\01.Business\04.Eclipse\02.Eclipse\eclipse\workspace\HtmlScripingTool__Indeed2\09.大田区
C:\01.Business\04.Eclipse\02.Eclipse\eclipse\workspace\HtmlScripingTool__Indeed2
C:\01.Business\04.Eclipse\02.Eclipse\eclipse\workspace\HtmlScripingTool__Indeed2\08.渋谷区
C:\01.Business\04.Eclipse\02.Eclipse\eclipse\workspace\HtmlScripingTool__Indeed2
C:\01.Business\04.Eclipse\02.Eclipse\eclipse\workspace\HtmlScripingTool__Indeed2\08.渋谷区
0</Item><Item>C:\01.Business\00.第2段DM配送\09.手渡しの便せんシリーズ\01.同意書とマニュアル\02.HPなし_22部
C:\01.Business\00.第2段DM配送\09.手渡しの便せんシリーズ\01.同意書とマニュアル
C:\01.Business\00.第2段DM配送\09.手渡しの便せんシリーズ\01.同意書とマニュアル\01.HPあり_18部
C:\01.Business\00.第2段DM配送\09.手渡しの便せんシリーズ\01.同意書とマニュアル
C:\01.Business\00.第2段DM配送\09.手渡しの便せんシリーズ
C:\01.Business\00.第2段DM配送
C:\01.Business\00.第3段DM配送_50人
C:\01.Business\00.第3段DM配送_50人\02.同意書と説明書
C:\01.Business\00.第3段DM配送_50人
C:\01.Business\00.第3段DM配送_50人\02.同意書と説明書
C:\01.Business\00.第3段DM配送_50人\03.宛名リスト
C:\01.Business\00.第3段DM配送_50人
C:\01.Business\@@@成約まとめ\01.今まで出したリスト
C:\01.Business\@@@成約まとめ
C:\01.Business\@@@成約まとめ\01.今まで出したリスト
C:\01.Business\@@@成約まとめ
C:\01.Business\@@@成約まとめ\01.今まで出したリスト
C:\01.Business\@@@成約まとめ
C:\01.Business\00.第3段DM配送_50人\03.宛名リスト
0</Item><Item>C:\01.Business\04.Eclipse\02.Eclipse\eclipse\workspace\HtmlScripingTool__東京市町村\input
C:\01.Business\04.Eclipse\02.Eclipse\eclipse\workspace\HtmlScripingTool__東京市町村
C:\01.Business\04.Eclipse\02.Eclipse\eclipse\workspace\HtmlScripingTool__東京市町村\input
C:\01.Business\04.Eclipse\02.Eclipse\eclipse\workspace\HtmlScripingTool__東京市町村\inputBackup\04_23区_15千代田区
C:\01.Business\04.Eclipse\02.Eclipse\eclipse\workspace\HtmlScripingTool__東京市町村\inputBackup
C:\01.Business\04.Eclipse\02.Eclipse\eclipse\workspace\HtmlScripingTool__東京市町村
C:\01.Business\04.Eclipse\02.Eclipse\eclipse\workspace
C:\01.Business\04.Eclipse\02.Eclipse\eclipse
C:\01.Business\04.Eclipse\02.Eclipse
C:\01.Business\04.Eclipse
C:\01.Business\00.第3段DM配送_50人\03.宛名リスト
0</Item><Item>C:\01.Business\00.第2段DM配送\09.手渡しの便せんシリーズ\＠＠＠第一回40人のイラストレーター
C:\01.Business\00.第2段DM配送\09.手渡しの便せんシリーズ\＠＠＠第一回40人のイラストレーター\Backup_PDF_Final_第八回
C:\01.Business\00.第2段DM配送\09.手渡しの便せんシリーズ\＠＠＠第一回40人のイラストレーター
C:\01.Business\00.第2段DM配送\09.手渡しの便せんシリーズ
C:\01.Business\00.第2段DM配送
C:\01.Business\00.返信用のイラストレーターと御申込書\02.申込書と説明書（DM以外の直接受注）
C:\01.Business\00.返信用のイラストレーターと御申込書\02.申込書と説明書（DM以外の直接受注）\印刷用PDF_20200113
C:\01.Business\00.返信用のイラストレーターと御申込書\02.申込書と説明書（DM以外の直接受注）
C:\01.Business\00.返信用のイラストレーターと御申込書
C:\01.Business\00.第2段DM配送\09.手渡しの便せんシリーズ\04.不安レポート
C:\01.Business\00.第2段DM配送\09.手渡しの便せんシリーズ\02.マニュアル
C:\01.Business\00.第2段DM配送\09.手渡しの便せんシリーズ\01.同意書
C:\01.Business\00.第2段DM配送\09.手渡しの便せんシリーズ
C:\01.Business\00.第2段DM配送\09.手渡しの便せんシリーズ\＠＠＠第一回40人のイラストレーター\Backup_PDF_Final_第八回
C:\01.Business\00.第2段DM配送\09.手渡しの便せんシリーズ\＠＠＠第一回40人のイラストレーター
C:\01.Business\00.第2段DM配送\09.手渡しの便せんシリーズ
C:\01.Business\00.第2段DM配送\09.手渡しの便せんシリーズ\01.同意書
C:\01.Business\00.第2段DM配送\09.手渡しの便せんシリーズ
C:\01.Business\00.あきばれ
C:\01.Business\00.あきばれ\@@@@ネクストライナー提出_20201005
C:\01.Business\00.あきばれ
C:\01.Business\00.第2段DM配送\09.手渡しの便せんシリーズ\＠＠＠第一回40人のイラストレーター
C:\01.Business\00.第2段DM配送\09.手渡しの便せんシリーズ\＠＠＠第一回40人のイラストレーター\Backup_PDF_Final_第四回
C:\01.Business\00.第2段DM配送\09.手渡しの便せんシリーズ\＠＠＠第一回40人のイラストレーター\Backup_PDF_Final_第三回
C:\01.Business\00.第2段DM配送\09.手渡しの便せんシリーズ\＠＠＠第一回40人のイラストレーター\Backup_PDF_Final_第五回
C:\01.Business\00.第2段DM配送\09.手渡しの便せんシリーズ\＠＠＠第一回40人のイラストレーター\Backup_PDF_Final_第七回
C:\01.Business\00.第2段DM配送\09.手渡しの便せんシリーズ\＠＠＠第一回40人のイラストレーター
C:\01.Business\00.第2段DM配送\09.手渡しの便せんシリーズ
C:\01.Business\00.第2段DM配送
C:\01.Business
C:\01.Business\00.返信用のイラストレーターと御申込書
C:\01.Business\00.返信用のイラストレーターと御申込書\01.返信やリプ用の便せんデータ
0</Item><Item>C:\01.Business\00.第2段DM配送\09.手渡しの便せんシリーズ\05.リスト40件と10件\インディードのリスト結果
C:\01.Business\00.第2段DM配送\09.手渡しの便せんシリーズ\05.リスト40件と10件\インディードのリスト結果\src
C:\01.Business\00.第2段DM配送\09.手渡しの便せんシリーズ\05.リスト40件と10件\インディードのリスト結果\src\com
C:\01.Business\00.第2段DM配送\09.手渡しの便せんシリーズ\05.リスト40件と10件\インディードのリスト結果\src\com\jp
C:\01.Business\00.第2段DM配送\09.手渡しの便せんシリーズ\05.リスト40件と10件\インディードのリスト結果\src\com
C:\01.Business\00.第2段DM配送\09.手渡しの便せんシリーズ\05.リスト40件と10件\インディードのリスト結果\src
C:\01.Business\00.第2段DM配送\09.手渡しの便せんシリーズ\05.リスト40件と10件\インディードのリスト結果
C:\01.Business\00.第2段DM配送\09.手渡しの便せんシリーズ\05.リスト40件と10件
C:\01.Business\00.第2段DM配送\09.手渡しの便せんシリーズ\01.同意書とマニュアル\02.HPなし_22部
C:\01.Business\00.第2段DM配送\09.手渡しの便せんシリーズ\01.同意書とマニュアル
C:\01.Business\00.第2段DM配送\09.手渡しの便せんシリーズ\01.同意書とマニュアル\01.HPあり_18部
C:\01.Business\00.第2段DM配送\09.手渡しの便せんシリーズ\01.同意書とマニュアル
C:\01.Business\00.第2段DM配送\09.手渡しの便せんシリーズ\01.同意書とマニュアル\02.HPなし_22部
C:\01.Business\00.第2段DM配送\09.手渡しの便せんシリーズ\01.同意書とマニュアル
C:\01.Business\00.第2段DM配送\09.手渡しの便せんシリーズ
C:\01.Business\00.第2段DM配送
C:\01.Business
C:\01.Business\00.第2段DM配送\02.便せん
C:\01.Business\00.第2段DM配送\02.便せん\@@@@ネクストライナー社提出_20201001
C:\01.Business\00.第2段DM配送\02.便せん\@@@@ネクストライナー社提出_20201001\第8回便せんデータ_20201013
C:\01.Business\00.第2段DM配送\02.便せん\@@@@ネクストライナー社提出_20201001\第8回便せんデータ_20201013\01.マニュアルと説明書
C:\01.Business\00.第2段DM配送\02.便せん\@@@@ネクストライナー社提出_20201001\第8回便せんデータ_20201013
C:\01.Business\00.第2段DM配送\02.便せん\@@@@ネクストライナー社提出_20201001
C:\01.Business\00.第2段DM配送\02.便せん
C:\01.Business\00.第2段DM配送\09.手渡しの便せんシリーズ\01.同意書とマニュアル
0</Item><Item>C:\01.Business\00.第2段DM配送\09.手渡しの便せんシリーズ\04.不安レポート
C:\01.Business\00.第2段DM配送\09.手渡しの便せんシリーズ
C:\01.Business\00.第2段DM配送\04.不安レポート
C:\01.Business\00.第2段DM配送\04.不安レポート\第6回資料データ_20200924.zip
C:\01.Business\00.第2段DM配送\04.不安レポート
C:\01.Business\00.第2段DM配送
C:\01.Business\00.第2段DM配送\02.便せん\@@@@ネクストライナー社提出_20201001\第8回便せんデータ_20201013\01.マニュアルと説明書
C:\01.Business\00.第2段DM配送\02.便せん\@@@@ネクストライナー社提出_20201001\第8回便せんデータ_20201013
C:\01.Business\00.第2段DM配送\02.便せん\@@@@ネクストライナー社提出_20201001\第8回便せんデータ_20201013\02.便せん８回目
C:\01.Business\00.第2段DM配送\02.便せん\@@@@ネクストライナー社提出_20201001\第8回便せんデータ_20201013
C:\01.Business\00.第2段DM配送\02.便せん\@@@@ネクストライナー社提出_20201001\第8回便せんデータ_20201013\01.マニュアルと説明書
C:\01.Business\00.第2段DM配送\02.便せん\@@@@ネクストライナー社提出_20201001\第8回便せんデータ_20201013
C:\01.Business\00.第2段DM配送\02.便せん\@@@@ネクストライナー社提出_20201001\第8回便せんデータ_20201013\02.便せん８回目
C:\01.Business\00.第2段DM配送\02.便せん\@@@@ネクストライナー社提出_20201001\第8回便せんデータ_20201013
C:\01.Business\00.第2段DM配送\02.便せん\@@@@ネクストライナー社提出_20201001\第8回便せんデータ_20201013\01.マニュアルと説明書
C:\01.Business\00.第2段DM配送\02.便せん\@@@@ネクストライナー社提出_20201001\第8回便せんデータ_20201013\01.マニュアルと説明書\第8回資料データ_ver2_20201013.zip.zip
C:\01.Business\00.第2段DM配送\02.便せん\@@@@ネクストライナー社提出_20201001\第8回便せんデータ_20201013\01.マニュアルと説明書
C:\01.Business\00.第2段DM配送\02.便せん\@@@@ネクストライナー社提出_20201001\第8回便せんデータ_20201013
C:\01.Business\00.第2段DM配送\02.便せん\@@@@ネクストライナー社提出_20201001\第8回便せんデータ_20201013\02.便せん８回目
C:\01.Business\00.第2段DM配送\02.便せん\@@@@ネクストライナー社提出_20201001\第8回便せんデータ_20201013
C:\01.Business\00.第2段DM配送\02.便せん\@@@@ネクストライナー社提出_20201001\第8回便せんデータ_20201013\01.マニュアルと説明書
C:\01.Business\00.第2段DM配送\02.便せん\@@@@ネクストライナー社提出_20201001\第8回便せんデータ_20201013\01.マニュアルと説明書\第8回資料データ_ver2_20201013.zip.zip
C:\01.Business\00.第2段DM配送\02.便せん\@@@@ネクストライナー社提出_20201001\第8回便せんデータ_20201013\01.マニュアルと説明書
C:\01.Business\00.第2段DM配送\02.便せん\@@@@ネクストライナー社提出_20201001\第8回便せんデータ_20201013
C:\01.Business\00.第2段DM配送\02.便せん\@@@@ネクストライナー社提出_20201001\第8回便せんデータ_20201013\02.便せん８回目
C:\01.Business\00.第2段DM配送\02.便せん\@@@@ネクストライナー社提出_20201001\第8回便せんデータ_20201013\02.便せん８回目\第8回便せんデータver2_20201013.zip
C:\01.Business\00.第2段DM配送\02.便せん\@@@@ネクストライナー社提出_20201001\第8回便せんデータ_20201013\02.便せん８回目
C:\01.Business\00.第2段DM配送\02.便せん\@@@@ネクストライナー社提出_20201001\第8回便せんデータ_20201013
C:\01.Business\00.第2段DM配送\09.手渡しの便せんシリーズ\05.リスト40件と10件
C:\01.Business\00.第2段DM配送\09.手渡しの便せんシリーズ
C:\01.Business\00.第2段DM配送\02.便せん\@@@@ネクストライナー社提出_20201001\第8回便せんデータ_20201013
C:\01.Business\00.第2段DM配送\02.便せん\@@@@ネクストライナー社提出_20201001\第8回便せんデータ_20201013\01.マニュアルと説明書
0</Item><Item>D:\
0</Item><Item>C:\01.Business\00.第2段DM配送\02.便せん\@@@@ネクストライナー社提出_20201001\第8回便せんデータ_20201013\Backup_便せん
C:\01.Business\00.第2段DM配送\02.便せん\@@@@ネクストライナー社提出_20201001\第8回便せんデータ_20201013
0</Item><Item>C:\01.Business\00.第2段DM配送\09.手渡しの便せんシリーズ\05.リスト40件と10件
C:\01.Business\00.第2段DM配送\09.手渡しの便せんシリーズ
C:\01.Business\00.第2段DM配送\09.手渡しの便せんシリーズ\＠＠＠第一回40人のイラストレーター
C:\01.Business\00.第2段DM配送\09.手渡しの便せんシリーズ\＠＠＠第一回40人のイラストレーター\Backup_PDF_Final_第四回
C:\01.Business\00.第2段DM配送\09.手渡しの便せんシリーズ\＠＠＠第一回40人のイラストレーター
C:\01.Business\00.第2段DM配送\09.手渡しの便せんシリーズ\＠＠＠第一回40人のイラストレーター\Backup_PDF_Final_第三回
C:\01.Business\00.第2段DM配送\09.手渡しの便せんシリーズ\＠＠＠第一回40人のイラストレーター
C:\01.Business\00.第2段DM配送\09.手渡しの便せんシリーズ\＠＠＠第一回40人のイラストレーター\Backup_PDF_Final_第三回
C:\01.Business\00.第2段DM配送\09.手渡しの便せんシリーズ\＠＠＠第一回40人のイラストレーター
C:\01.Business\00.第2段DM配送\09.手渡しの便せんシリーズ\＠＠＠第一回40人のイラストレーター\Backup_PDF_Final_第一回
C:\01.Business\00.第2段DM配送\09.手渡しの便せんシリーズ\＠＠＠第一回40人のイラストレーター
C:\01.Business\00.第2段DM配送\09.手渡しの便せんシリーズ\＠＠＠第一回40人のイラストレーター\Backup_PDF_FIX_20201004
C:\01.Business\00.第2段DM配送\09.手渡しの便せんシリーズ\＠＠＠第一回40人のイラストレーター
C:\01.Business\00.第2段DM配送\09.手渡しの便せんシリーズ\＠＠＠第一回40人のイラストレーター\Backup_PDF_FIX_20201004
C:\01.Business\00.第2段DM配送\09.手渡しの便せんシリーズ\＠＠＠第一回40人のイラストレーター
C:\01.Business\00.第2段DM配送\09.手渡しの便せんシリーズ\＠＠＠第一回40人のイラストレーター\Backup_PDF
C:\01.Business\00.第2段DM配送\09.手渡しの便せんシリーズ\＠＠＠第一回40人のイラストレーター
C:\01.Business\00.第2段DM配送\09.手渡しの便せんシリーズ\＠＠＠第一回40人のイラストレーター\Backup_イラスト
C:\01.Business\00.第2段DM配送\09.手渡しの便せんシリーズ\＠＠＠第一回40人のイラストレーター
C:\01.Business\00.第2段DM配送\09.手渡しの便せんシリーズ\＠＠＠第一回40人のイラストレーター\Backup_PDF
C:\01.Business\00.第2段DM配送\09.手渡しの便せんシリーズ\＠＠＠第一回40人のイラストレーター
C:\01.Business\00.第2段DM配送\09.手渡しの便せんシリーズ\＠＠＠第一回40人のイラストレーター\Backup_イラスト
C:\01.Business\00.第2段DM配送\09.手渡しの便せんシリーズ\＠＠＠第一回40人のイラストレーター
C:\01.Business\00.第2段DM配送\09.手渡しの便せんシリーズ\＠＠＠第一回40人のイラストレーター\Backup_イラスト
C:\01.Business\00.第2段DM配送\09.手渡しの便せんシリーズ\＠＠＠第一回40人のイラストレーター
C:\01.Business\00.第2段DM配送\02.便せん
C:\01.Business\00.第2段DM配送\09.手渡しの便せんシリーズ
C:\01.Business\00.第2段DM配送\09.手渡しの便せんシリーズ\＠＠＠第一回40人のイラストレーター
C:\01.Business\00.第2段DM配送\09.手渡しの便せんシリーズ
C:\01.Business\00.第2段DM配送\09.手渡しの便せんシリーズ\＠＠＠HP持っている人
C:\01.Business\00.第2段DM配送\09.手渡しの便せんシリーズ
C:\01.Business\00.第2段DM配送
0</Item><Item>C:\01.Business\00.第2段DM配送\02.便せん\@@@@ネクストライナー社提出_20201001\第5回便せんデータ_20201002
C:\01.Business\00.第2段DM配送\02.便せん\@@@@ネクストライナー社提出_20201001
C:\01.Business\00.第2段DM配送\02.便せん\@@@@ネクストライナー社提出_20201001\第4回便せんデータ_20201002
C:\01.Business\00.第2段DM配送\02.便せん\@@@@ネクストライナー社提出_20201001
C:\01.Business\00.第2段DM配送\02.便せん\@@@@ネクストライナー社提出_20201001\第3回便せんデータ_20201002
C:\01.Business\00.第2段DM配送\02.便せん\@@@@ネクストライナー社提出_20201001
C:\01.Business\00.第2段DM配送\02.便せん
C:\01.Business\00.第2段DM配送\07.最終成果物イメージ
C:\01.Business\00.第2段DM配送
C:\01.Business\00.あきばれ\@@@@ネクストライナー提出_20201005
0</Item><Item>C:\01.Business\00.第2段DM配送\02.便せん\@@@@ネクストライナー社提出_20201001\第8回便せんデータ_20201002
C:\01.Business\00.第2段DM配送\02.便せん\@@@@ネクストライナー社提出_20201001
C:\01.Business\00.第2段DM配送\02.便せん\@@@@ネクストライナー社提出_20201001\第7回便せんデータ_20201002
C:\01.Business\00.第2段DM配送\02.便せん\@@@@ネクストライナー社提出_20201001
C:\01.Business\00.第2段DM配送\02.便せん\@@@@ネクストライナー社提出_20201001\第5回便せんデータ_20201002
C:\01.Business\00.第2段DM配送\02.便せん\@@@@ネクストライナー社提出_20201001
C:\01.Business\00.第2段DM配送\02.便せん\@@@@ネクストライナー社提出_20201001\第4回便せんデータ_20201002
C:\01.Business\00.第2段DM配送\02.便せん\@@@@ネクストライナー社提出_20201001
C:\01.Business\00.第2段DM配送\02.便せん\@@@@ネクストライナー社提出_20201001\第3回便せんデータ_20201002
C:\01.Business\00.第2段DM配送\02.便せん\@@@@ネクストライナー社提出_20201001
C:\01.Business\00.第2段DM配送\02.便せん\@@@@ネクストライナー社提出_20201001\第8回便せんデータ_20201002
C:\01.Business\00.第2段DM配送\02.便せん\@@@@ネクストライナー社提出_20201001
C:\01.Business\00.第2段DM配送\02.便せん\@@@@ネクストライナー社提出_20201001\第7回便せんデータ_20201002
C:\01.Business\00.第2段DM配送\02.便せん\@@@@ネクストライナー社提出_20201001
C:\01.Business\00.第2段DM配送\02.便せん\@@@@ネクストライナー社提出_20201001\第5回便せんデータ_20201002
C:\01.Business\00.第2段DM配送\02.便せん\@@@@ネクストライナー社提出_20201001
C:\01.Business\00.第2段DM配送\02.便せん\@@@@ネクストライナー社提出_20201001\第4回便せんデータ_20201002
C:\01.Business\00.第2段DM配送\02.便せん\@@@@ネクストライナー社提出_20201001
C:\01.Business\00.第2段DM配送\02.便せん\@@@@ネクストライナー社提出_20201001\第3回便せんデータ_20201002
C:\01.Business\00.第2段DM配送\02.便せん\@@@@ネクストライナー社提出_20201001
C:\01.Business\00.第2段DM配送\02.便せん\@@@@ネクストライナー社提出_20201001\第8回便せんデータ_20201002
C:\01.Business\00.第2段DM配送\02.便せん\@@@@ネクストライナー社提出_20201001
C:\01.Business\00.第2段DM配送\02.便せん\@@@@ネクストライナー社提出_20201001\第7回便せんデータ_20201002
C:\01.Business\00.第2段DM配送\02.便せん\@@@@ネクストライナー社提出_20201001
C:\01.Business\00.第2段DM配送\02.便せん\@@@@ネクストライナー社提出_20201001\第8回便せんデータ_20201002
C:\01.Business\00.第2段DM配送\02.便せん\@@@@ネクストライナー社提出_20201001
C:\01.Business\00.第2段DM配送\02.便せん
C:\01.Business\00.第2段DM配送\02.便せん\@@@@ネクストライナー社提出_20201001
C:\01.Business\00.第2段DM配送\02.便せん\@@@@ネクストライナー社提出_20201001\第7回便せんデータ_20201002
C:\01.Business\00.第2段DM配送\02.便せん\@@@@ネクストライナー社提出_20201001
C:\01.Business\00.第2段DM配送\02.便せん\@@@@ネクストライナー社提出_20201001\第5回便せんデータ_20201002
C:\01.Business\00.第2段DM配送\02.便せん\@@@@ネクストライナー社提出_20201001
0</Item><Item>C:\01.Business\00.第2段DM配送\02.便せん\@@@@ネクストライナー社提出_20201001\第8回便せんデータ_20201001
C:\01.Business\00.第2段DM配送\02.便せん\@@@@ネクストライナー社提出_20201001
C:\01.Business\00.第2段DM配送\02.便せん\@@@@ネクストライナー社提出_20201001\第7回便せんデータ_20201001
C:\01.Business\00.第2段DM配送\02.便せん\@@@@ネクストライナー社提出_20201001
C:\01.Business\00.第2段DM配送\02.便せん\@@@@ネクストライナー社提出_20201001\第5回便せんデータ_20201001
C:\01.Business\00.第2段DM配送\02.便せん\@@@@ネクストライナー社提出_20201001
C:\01.Business\00.第2段DM配送\02.便せん\@@@@ネクストライナー社提出_20201001\第3回便せんデータ_20201001
C:\01.Business\00.第2段DM配送\02.便せん\@@@@ネクストライナー社提出_20201001
C:\01.Business\00.第2段DM配送\02.便せん\@@@@ネクストライナー社提出_20201001\第4回便せんデータ_20201001
C:\01.Business\00.第2段DM配送\02.便せん\@@@@ネクストライナー社提出_20201001
C:\01.Business\00.第2段DM配送\02.便せん\@@@@ネクストライナー社提出_20201001\第3回便せんデータ_20201001
C:\01.Business\00.第2段DM配送\02.便せん\@@@@ネクストライナー社提出_20200923\第1回便せんデータ_20200923
0</Item><Item>C:\01.Business\00.第2段DM配送\05.角２封筒\@@@@ネクストライナー社提出_20200924\角2封筒送付用
C:\01.Business\00.第2段DM配送\05.角２封筒\@@@@ネクストライナー社提出_20200924
C:\01.Business\00.第2段DM配送\05.角２封筒\@@@@ネクストライナー社提出_20200924\角2封筒返信用
C:\01.Business\00.第2段DM配送\05.角２封筒\@@@@ネクストライナー社提出_20200924
C:\01.Business\00.第2段DM配送\05.角２封筒\@@@@ネクストライナー社提出_20200924\角2封筒送付用
C:\01.Business\00.第2段DM配送\05.角２封筒\@@@@ネクストライナー社提出_20200924\角2封筒送付用\角2封筒送付用データ（トンボ有り）_20200928.zip
C:\01.Business\00.第2段DM配送\05.角２封筒\@@@@ネクストライナー社提出_20200924\角2封筒送付用
C:\01.Business\00.第2段DM配送\05.角２封筒\@@@@ネクストライナー社提出_20200924
C:\01.Business\00.第2段DM配送\05.角２封筒\@@@@ネクストライナー社提出_20200924\角2封筒返信用
C:\01.Business\00.第2段DM配送\05.角２封筒\@@@@ネクストライナー社提出_20200924
C:\01.Business\00.第2段DM配送\05.角２封筒\@@@@ネクストライナー社提出_20200924\角2封筒送付用
C:\01.Business\00.第2段DM配送\05.角２封筒\@@@@ネクストライナー社提出_20200924\角2封筒送付用\Backup
C:\01.Business\00.第2段DM配送\05.角２封筒\@@@@ネクストライナー社提出_20200924\角2封筒送付用
C:\01.Business\00.第2段DM配送\05.角２封筒\@@@@ネクストライナー社提出_20200924
C:\01.Business\00.第2段DM配送\05.角２封筒\@@@@ネクストライナー社提出_20200924\角2封筒返信用
C:\01.Business\00.第2段DM配送\05.角２封筒\@@@@ネクストライナー社提出_20200924
C:\01.Business\00.第2段DM配送\05.角２封筒
C:\01.Business\00.第2段DM配送\05.角２封筒\@@@@ネクストライナー社提出_20200924
C:\01.Business\00.第2段DM配送\05.角２封筒\@@@@ネクストライナー社提出_20200924\角2封筒送付用
C:\01.Business\00.第2段DM配送\05.角２封筒\@@@@ネクストライナー社提出_20200924
C:\01.Business\00.第2段DM配送\05.角２封筒
C:\01.Business\00.第2段DM配送\05.角２封筒\@@@@ネクストライナー社提出_20200924\角2封筒送付用
C:\01.Business\00.第2段DM配送\05.角２封筒\@@@@ネクストライナー社提出_20200924
C:\01.Business\00.第2段DM配送\05.角２封筒
C:\01.Business\00.第2段DM配送\05.角２封筒\@@@@ネクストライナー社提出_20200924
C:\01.Business\00.第2段DM配送\05.角２封筒\@@@@ネクストライナー社提出_20200924\角2封筒送付用
C:\01.Business\00.第2段DM配送\05.角２封筒\@@@@ネクストライナー社提出_20200924
C:\01.Business\00.第2段DM配送\05.角２封筒\@@@@ネクストライナー社提出_20200924\角2封筒返信用
C:\01.Business\00.第2段DM配送\05.角２封筒\@@@@ネクストライナー社提出_20200924\角2封筒返信用\Backup
C:\01.Business\00.第2段DM配送\05.角２封筒\@@@@ネクストライナー社提出_20200924\角2封筒返信用
C:\01.Business\00.第2段DM配送\05.角２封筒\@@@@ネクストライナー社提出_20200924
C:\01.Business\00.第2段DM配送\05.角２封筒\@@@@ネクストライナー社提出_20200924\角2封筒返信用\Backup
0</Item><Item>C:\01.Business\04.Eclipse\02.Eclipse\eclipse\workspace\HtmlScripingTool__埼玉県
C:\01.Business\04.Eclipse\02.Eclipse\eclipse\workspace
C:\01.Business\04.Eclipse\02.Eclipse\eclipse
C:\01.Business\04.Eclipse\02.Eclipse
C:\01.Business\04.Eclipse
C:\01.Business\04.Eclipse\pleiades\eclipse\workspace
C:\01.Business\04.Eclipse\pleiades\eclipse
C:\01.Business\04.Eclipse\pleiades
C:\01.Business\04.Eclipse
C:\01.Business\04.Eclipse\pleiades
C:\01.Business\04.Eclipse
C:\01.Business\04.Eclipse\02.Eclipse
C:\01.Business\04.Eclipse
C:\01.Business\00.第2段DM配送
C:\01.Business\00.第2段DM配送\06.リスト200件（東京都市町村）
C:\01.Business\00.第2段DM配送\06.リスト200件（東京都市町村）\オリジナル
C:\01.Business\00.第2段DM配送\06.リスト200件（東京都市町村）
C:\01.Business\00.第2段DM配送
C:\01.Business\04.Eclipse\02.Eclipse\eclipse\workspace\HtmlScripingTool__東京市町村
C:\01.Business\04.Eclipse\02.Eclipse\eclipse\workspace
C:\01.Business\04.Eclipse\02.Eclipse\eclipse
C:\01.Business\04.Eclipse\02.Eclipse
C:\01.Business\04.Eclipse
C:\01.Business\01.リスト作成_メール送付システム
C:\01.Business
C:\01.Business\00.第2段DM配送\04.不安レポート
C:\01.Business\00.第2段DM配送\05.角２封筒
C:\01.Business\00.第2段DM配送\05.角２封筒\@@@@ネクストライナー社提出_20200924
C:\01.Business\00.第2段DM配送\05.角２封筒\@@@@ネクストライナー社提出_20200924\角2封筒返信用
C:\01.Business\00.第2段DM配送\05.角２封筒\@@@@ネクストライナー社提出_20200924
C:\01.Business\00.第2段DM配送\05.角２封筒\@@@@ネクストライナー社提出_20200924\角2封筒送付用
C:\01.Business\00.第2段DM配送\05.角２封筒\@@@@ネクストライナー社提出_20200924
0</Item><Item>C:\01.Business\90.DownloadTool\03.KeySwap\keyswap
C:\01.Business\90.DownloadTool\03.KeySwap
C:\01.Business\90.DownloadTool
C:\01.Business\00.第2段DM配送\04.不安レポート
0</Item><Item>C:\01.Business\00.第2段DM配送\便せんのPDF
C:\01.Business\00.第2段DM配送
0</Item><Item>C:\01.Business\00.LP作成写真イラスト\001_Header_ロゴ
C:\01.Business\00.LP作成写真イラスト\001_Header_ロゴ\aiファイル
C:\01.Business\00.LP作成写真イラスト\001_Header_ロゴ
C:\01.Business\00.LP作成写真イラスト
C:\01.Business\00.第2段DM配送
C:\01.Business\00.第2段DM配送\便せんのPDF
C:\01.Business\00.第2段DM配送
C:\01.Business\00.第2段DM配送\便せんのPDF
C:\01.Business\00.第2段DM配送
C:\01.Business\00.第2段DM配送\Backup
C:\01.Business\00.第2段DM配送
C:\01.Business\00.第2段DM配送\image
C:\01.Business\00.第2段DM配送
C:\01.Business\04.Eclipse\02.Eclipse\eclipse\workspace\HtmlScripingTool__FIX\inputBackup
C:\01.Business\04.Eclipse\02.Eclipse\eclipse\workspace\HtmlScripingTool__FIX
C:\01.Business\04.Eclipse\02.Eclipse\eclipse\workspace
C:\01.Business\04.Eclipse\02.Eclipse\eclipse\workspace\HtmlScripingTool__埼玉県
C:\01.Business\04.Eclipse\02.Eclipse\eclipse\workspace\HtmlScripingTool__埼玉県\input
C:\01.Business\04.Eclipse\02.Eclipse\eclipse\workspace\HtmlScripingTool__埼玉県
C:\01.Business\04.Eclipse\02.Eclipse\eclipse\workspace\HtmlScripingTool__埼玉県\inputBackup
C:\01.Business\04.Eclipse\02.Eclipse\eclipse\workspace\HtmlScripingTool__埼玉県
C:\01.Business\04.Eclipse\02.Eclipse\eclipse\workspace\HtmlScripingTool__埼玉県\input
C:\01.Business\04.Eclipse\02.Eclipse\eclipse\workspace\HtmlScripingTool__埼玉県
C:\01.Business\04.Eclipse\02.Eclipse\eclipse\workspace\HtmlScripingTool__埼玉県\inputBackup
C:\01.Business\04.Eclipse\02.Eclipse\eclipse\workspace\HtmlScripingTool__埼玉県
C:\01.Business\04.Eclipse\02.Eclipse\eclipse\workspace\HtmlScripingTool__埼玉県\input
C:\01.Business\04.Eclipse\02.Eclipse\eclipse\workspace\HtmlScripingTool__埼玉県
C:\01.Business\04.Eclipse\02.Eclipse\eclipse\workspace
C:\01.Business\01.リスト作成_メール送付システム\埼玉県
C:\01.Business\01.リスト作成_メール送付システム\埼玉県\01_さいたま市_files
C:\01.Business\01.リスト作成_メール送付システム\埼玉県
C:\01.Business\01.リスト作成_メール送付システム\埼玉県\Old
0</Item><Item>C:\01.Business\04.Eclipse\02.Eclipse\eclipse\workspace\HtmlScripingTool__東京市町村
C:\01.Business\04.Eclipse\02.Eclipse\eclipse\workspace\HtmlScripingTool__東京市町村\input
C:\01.Business\04.Eclipse\02.Eclipse\eclipse\workspace\HtmlScripingTool__東京市町村
C:\01.Business\04.Eclipse\02.Eclipse\eclipse\workspace\HtmlScripingTool__東京市町村\inputBackup
C:\01.Business\04.Eclipse\02.Eclipse\eclipse\workspace\HtmlScripingTool__東京市町村
C:\01.Business\04.Eclipse\02.Eclipse\eclipse\workspace
C:\01.Business\04.Eclipse\02.Eclipse\eclipse\workspace\HtmlScripingTool__FIX
C:\01.Business\04.Eclipse\02.Eclipse\eclipse\workspace\HtmlScripingTool__FIX\inputBackup
C:\01.Business\04.Eclipse\02.Eclipse\eclipse\workspace\HtmlScripingTool__FIX
C:\01.Business\04.Eclipse\02.Eclipse\eclipse\workspace
C:\01.Business\04.Eclipse\02.Eclipse\eclipse\workspace\HtmlScripingTool__東京市町村
C:\01.Business\04.Eclipse\02.Eclipse\eclipse\workspace\HtmlScripingTool__東京市町村\Backup
C:\01.Business\04.Eclipse\02.Eclipse\eclipse\workspace\HtmlScripingTool__東京市町村
C:\01.Business\04.Eclipse\02.Eclipse\eclipse\workspace\HtmlScripingTool__東京市町村\input
C:\01.Business\04.Eclipse\02.Eclipse\eclipse\workspace\HtmlScripingTool__東京市町村
C:\01.Business\04.Eclipse\02.Eclipse\eclipse\workspace\HtmlScripingTool__東京市町村\input
C:\01.Business\04.Eclipse\02.Eclipse\eclipse\workspace\HtmlScripingTool__東京市町村
C:\01.Business\04.Eclipse\02.Eclipse\eclipse\workspace\HtmlScripingTool__東京市町村\inputBackup
C:\01.Business\04.Eclipse\02.Eclipse\eclipse\workspace\HtmlScripingTool__東京市町村
C:\01.Business\04.Eclipse\02.Eclipse\eclipse\workspace\HtmlScripingTool__東京市町村\inputBackup
C:\01.Business\04.Eclipse\02.Eclipse\eclipse\workspace\HtmlScripingTool__東京市町村
C:\01.Business\04.Eclipse\02.Eclipse\eclipse\workspace\HtmlScripingTool__東京市町村\input
C:\01.Business\04.Eclipse\02.Eclipse\eclipse\workspace\HtmlScripingTool__東京市町村
C:\01.Business\04.Eclipse\02.Eclipse\eclipse\workspace\HtmlScripingTool__東京市町村\inputBackup
C:\01.Business\04.Eclipse\02.Eclipse\eclipse\workspace\HtmlScripingTool__東京市町村
C:\01.Business\04.Eclipse\02.Eclipse\eclipse\workspace
C:\01.Business\04.Eclipse\02.Eclipse\eclipse\workspace\HtmlScripingTool__FIX
C:\01.Business\04.Eclipse\02.Eclipse\eclipse\workspace\HtmlScripingTool__FIX\inputBackup
C:\01.Business\04.Eclipse\02.Eclipse\eclipse\workspace\HtmlScripingTool__FIX
C:\01.Business\04.Eclipse\02.Eclipse\eclipse\workspace
C:\01.Business\04.Eclipse\02.Eclipse\eclipse\workspace\HtmlScripingTool__東京市町村
C:\01.Business\04.Eclipse\02.Eclipse\eclipse\workspace\HtmlScripingTool__東京市町村\input
0</Item><Item>C:\01.Business\00.DM作成\03.DM代行業者とのやりとり
C:\01.Business\00.DM作成\02.レターセットのデザイン
C:\01.Business\00.DM作成
C:\01.Business
C:\01.Business\01.リスト作成_メール送付システム
C:\01.Business\01.リスト作成_メール送付システム\@@@_04最終版の東京リスト
C:\01.Business\01.リスト作成_メール送付システム
C:\01.Business\01.リスト作成_メール送付システム\+++++リスト作成
C:\01.Business\01.リスト作成_メール送付システム
C:\01.Business\01.リスト作成_メール送付システム\埼玉県
C:\01.Business\01.リスト作成_メール送付システム
C:\01.Business
0</Item><Item>C:\01.Business\01.リスト作成_メール送付システム
C:\01.Business\01.リスト作成_メール送付システム\@@＠_01_宛名ラベルシール作成
C:\01.Business\01.リスト作成_メール送付システム
C:\01.Business\01.リスト作成_メール送付システム\@@@_02_差し込み手紙印刷
C:\01.Business\01.リスト作成_メール送付システム
C:\01.Business\01.リスト作成_メール送付システム\@@@_03_エコタンク式印刷機エプソン
C:\01.Business\01.リスト作成_メール送付システム
C:\01.Business\01.リスト作成_メール送付システム\@@@_04最終版の東京リスト
C:\01.Business\01.リスト作成_メール送付システム
C:\01.Business\01.リスト作成_メール送付システム\+++++リスト作成
C:\01.Business\01.リスト作成_メール送付システム
C:\01.Business
C:\01.Business\00.DM作成
C:\01.Business
C:\01.Business\00.LP作成写真イラスト
C:\01.Business
C:\
C:\work
C:\
C:\01.Business
C:\01.Business\99.今日積み上げ
C:\01.Business
C:\01.Business\00.LP作成写真イラスト
C:\01.Business
C:\01.Business\04.Eclipse\02.Eclipse\eclipse\workspace
C:\01.Business\04.Eclipse\02.Eclipse\eclipse\workspace\HtmlScripingTool__FIX
C:\01.Business\04.Eclipse\02.Eclipse\eclipse\workspace
C:\01.Business\04.Eclipse\02.Eclipse\eclipse
C:\01.Business\04.Eclipse\02.Eclipse\eclipse\workspace
C:\01.Business\04.Eclipse\02.Eclipse\eclipse\workspace\HtmlScripingTool__東京市町村
C:\01.Business\04.Eclipse\02.Eclipse\eclipse\workspace\HtmlScripingTool__東京市町村\Backup
C:\01.Business\04.Eclipse\02.Eclipse\eclipse\workspace\HtmlScripingTool__東京市町村
0</Item><Item>C:\01.Business\04.Eclipse\02.Eclipse\eclipse\workspace\HtmlScripingTool__東京市町村\inputBackup\03_市町村_西東京市
C:\01.Business\04.Eclipse\02.Eclipse\eclipse\workspace\HtmlScripingTool__東京市町村\inputBackup
C:\01.Business\04.Eclipse\02.Eclipse\eclipse\workspace\HtmlScripingTool__東京市町村
C:\01.Business\04.Eclipse\02.Eclipse\eclipse\workspace\HtmlScripingTool__東京市町村\input
0</Item><Item>C:\01.Business\04.Eclipse\02.Eclipse\eclipse\workspace\HtmlScripingTool__東京市町村\inputBackup\03_市町村_西東京市
C:\01.Business\04.Eclipse\02.Eclipse\eclipse\workspace\HtmlScripingTool__東京市町村\inputBackup
C:\01.Business\04.Eclipse\02.Eclipse\eclipse\workspace\HtmlScripingTool__東京市町村
C:\01.Business\04.Eclipse\02.Eclipse\eclipse\workspace\HtmlScripingTool__東京市町村\input
0</Item><Item>C:\01.Business\04.Eclipse\02.Eclipse\eclipse\workspace
C:\01.Business\04.Eclipse\02.Eclipse\eclipse
C:\01.Business\04.Eclipse\02.Eclipse\eclipse\workspace\HtmlScripingTool__埼玉県
C:\01.Business\04.Eclipse\02.Eclipse\eclipse\workspace
C:\01.Business\04.Eclipse\02.Eclipse\eclipse\workspace\HtmlScripingTool__埼玉県
C:\01.Business\04.Eclipse\02.Eclipse\eclipse\workspace\HtmlScripingTool__埼玉県\input
C:\01.Business\04.Eclipse\02.Eclipse\eclipse\workspace\HtmlScripingTool__埼玉県
C:\01.Business\04.Eclipse\02.Eclipse\eclipse\workspace\HtmlScripingTool__埼玉県\inputBackup
C:\01.Business\04.Eclipse\02.Eclipse\eclipse\workspace\HtmlScripingTool__埼玉県
C:\01.Business\04.Eclipse\02.Eclipse\eclipse\workspace\HtmlScripingTool__埼玉県\input
C:\01.Business\04.Eclipse\02.Eclipse\eclipse\workspace\HtmlScripingTool__埼玉県
C:\01.Business\04.Eclipse\02.Eclipse\eclipse\workspace\HtmlScripingTool__埼玉県\inputBackup
C:\01.Business\04.Eclipse\02.Eclipse\eclipse\workspace\HtmlScripingTool__埼玉県
C:\01.Business\04.Eclipse\02.Eclipse\eclipse\workspace\HtmlScripingTool__埼玉県\input
C:\01.Business\04.Eclipse\02.Eclipse\eclipse\workspace\HtmlScripingTool__埼玉県
C:\01.Business\04.Eclipse\02.Eclipse\eclipse\workspace
C:\01.Business\04.Eclipse\02.Eclipse\eclipse
C:\01.Business\04.Eclipse\02.Eclipse\eclipse\workspace
C:\01.Business\04.Eclipse\02.Eclipse\eclipse
C:\01.Business\04.Eclipse\02.Eclipse
C:\01.Business\04.Eclipse
C:\01.Business
0</Item><Item>C:\01.Business\00.DM作成\02.レターセットのデザイン
C:\01.Business\00.DM作成\02.レターセットのデザイン\designup_kakunin_200706___最終案
C:\01.Business\00.DM作成\02.レターセットのデザイン
C:\01.Business\00.DM作成
C:\01.Business
C:\01.Business\00.第2段DM配送
C:\01.Business\00.第2段DM配送\01.封筒と便せんをイラストレーター
C:\01.Business\00.第2段DM配送\01.封筒と便せんをイラストレーター\01.洋2封筒
C:\01.Business\00.第2段DM配送\01.封筒と便せんをイラストレーター
C:\01.Business\00.第2段DM配送
C:\01.Business\00.第2段DM配送\02.便せん
C:\01.Business\00.第2段DM配送\02.便せん\A5binsen_template
C:\01.Business\00.第2段DM配送\02.便せん\A5binsen_template\A5便箋テンプレート
C:\01.Business\00.第2段DM配送\02.便せん\A5binsen_template
C:\01.Business\00.第2段DM配送\02.便せん
C:\01.Business\00.第2段DM配送
C:\01.Business
C:\01.Business\00.第2段DM配送
C:\01.Business\00.第2段DM配送\Backup
C:\01.Business\00.第2段DM配送
C:\01.Business\00.第2段DM配送\image
C:\01.Business\00.第2段DM配送
C:\01.Business\00.第2段DM配送\Backup
C:\01.Business\00.第2段DM配送
C:\01.Business\00.第2段DM配送\Backup
C:\01.Business\00.第2段DM配送
C:\01.Business\00.第2段DM配送\Backup
C:\01.Business\00.第2段DM配送
C:\01.Business\00.第2段DM配送\02.便せん
C:\01.Business\00.第2段DM配送\02.便せん\A5binsen_template
C:\01.Business\00.第2段DM配送\02.便せん\A5binsen_template\A5便箋テンプレート
C:\01.Business\00.第2段DM配送\02.便せん\A5binsen_template\A5便箋テンプレート\Illustrator
0</Item></TablacusExplorer>
