<?xml version="1.0" encoding="UTF-8"?>
<TablacusExplorer><Default Base="1" Pos="-1"><Item Name="Folder" Filter="*.folder" Type="Selected Items" Icon="">Open</Item></Default><Context Base="2" Pos="1"><Item Name="Open in New Tab" Filter="*.folder" Type="Selected Items" Icon="">Open in New Tab</Item><Item Name="Open in Background" Filter="*.folder" Type="Selected Items" Icon="">Open in Background</Item></Context><Background Base="3" Pos="0"/><Tabs Base="0" Pos="0"><Item Name="&amp;Close Tab\t$2011" Filter="*" Type="Tabs" Icon="">Close Tab</Item><Item Name="Cl&amp;ose Other Tabs" Filter="" Type="Tabs" Icon="">Close Other Tabs</Item><Item Name="Close Tabs on Left" Filter="*" Type="Tabs" Icon="">Close Tabs on Left</Item><Item Name="Close Tabs on Right" Filter="*" Type="Tabs" Icon="">Close Tabs on Right</Item><Item Name="" Filter="" Type="Menus" Icon="">Separator</Item><Item Name="&amp;Refresh\t$3f" Filter="*" Type="Tabs" Icon="">Refresh</Item><Item Name="&amp;New Tab\t$2014" Filter="" Type="Tabs" Icon="">New Tab</Item><Item Name="" Filter="*" Type="Menus" Icon="">Separator</Item><Item Name="&amp;Lock" Filter="*" Type="Tabs" Icon="">Lock</Item><Item Name="Show frames" Filter="*" Type="Tabs" Icon="">Show frames</Item><Item Name="Open in E&amp;xplorer" Filter="*" Type="Tabs" Icon="">Open in Explorer</Item></Tabs><Tree Base="2" Pos="0"/><File Base="4" Pos="-1"><Item Name="" Filter="" Type="Menus" Icon="">Separator</Item><Item Name="&amp;Close Application" Filter="" Type="Tools" Icon="">Close Application</Item></File><Edit Base="5" Pos="-1"><Item Name="Copy Full Path" Filter="" Type="Tools" Icon="">Copy Full Path</Item></Edit><View Base="6" Pos="-1"><Item Name="" Filter="*" Type="Menus" Icon="">Separator</Item><Item Name="&amp;Up One Level\t$e" Filter="*" Type="Tabs" Icon="">Up</Item><Item Name="&amp;Refresh\t$3f" Filter="*" Type="Tabs" Icon="">Refresh</Item></View><Favorites Base="8" Pos="-1"><Item Name="01.Business" Filter="" Type="Open">C:\01.Business</Item><Item Name="PC" Filter="" Type="Open">17</Item><Item Name="90.DownloadTool" Filter="" Type="Open">C:\01.Business\90.DownloadTool</Item><Item Name="workspace" Filter="" Type="Open">C:\01.Business\04.Eclipse\02.Eclipse\eclipse\workspace</Item><Item Name="@@@Dental" Filter="" Type="Open">C:\01.Business\@@@Dental</Item></Favorites><Tools Base="0" Pos="0"><Item Name="&amp;Reload Customize" Filter="" Type="Tools" Icon="">Reload Customize</Item><Item Name="" Filter="" Type="Menus" Icon="">Separator</Item><Item Name="&amp;Load Layout..." Filter="" Type="Tools" Icon="">Load Layout</Item><Item Name="&amp;Save Layout..." Filter="" Type="Tools" Icon="">Save Layout</Item><Item Name="" Filter="" Type="Menus" Icon="">Separator</Item><Item Name="&amp;Add-ons..." Filter="" Type="Options" Icon="">Add-ons</Item><Item Name="&amp;Options..." Filter="" Type="Options" Icon="">General</Item></Tools><Help Base="7" Pos="-1"/><TaskTray Base="0" Pos="-1"/><System Base="0" Pos="6"><Item Name="&amp;Options..." Filter="" Type="Options" Icon="">General</Item><Item Name="" Filter="" Type="Menus" Icon="">Separator</Item></System><Alias Base="1" Pos="0"><Item Name="Options" Filter="about:config" Type="Options" Icon="">General</Item><Item Name="Add-ons" Filter="about:addons" Type="Options" Icon="">Add-ons</Item></Alias></TablacusExplorer>
