<?xml version="1.0" encoding="UTF-8"?>
<TablacusExplorer><Tab Id="Style">19009</Tab><Tab Id="Align">2</Tab><Tab Id="TabWidth">96</Tab><Tab Id="TabHeight">0</Tab><View Id="Type">1</View><View Id="ViewMode">4</View><View Id="fFlags">8192</View><View Id="Options">8</View><View Id="ViewFlags">1</View><View Id="IconSize">0</View><Tree Id="Align">1</Tree><Tree Id="Width">200</Tree><Tree Id="Style">33443</Tree><Tree Id="EnumFlags">32</Tree><Tree Id="RootStyle">2</Tree><Tree Id="Root">0</Tree><Conf Id="TabDefault">1</Conf><Conf Id="TreeDefault">1</Conf><Conf Id="ListDefault">1</Conf><Conf Id="Lang">ja</Conf><Conf Id="Gestures">2</Conf><Conf Id="TrailColor">#00ff00</Conf><Conf Id="TrailSize">2</Conf><Conf Id="GestureTimeout">3000</Conf><Conf Id="Layout">128</Conf><Conf Id="NetworkTimeout">2000</Conf><Conf Id="WheelSelect">1</Conf><Conf Id="OptWidth">750</Conf><Conf Id="OptHeight">530</Conf><Conf Id="LeftBarWidth">39</Conf><Conf Id="RightBarWidth"></Conf><Conf Id="IconSize"></Conf><Conf Id="MenuHidden">0</Conf><Conf Id="MenuIcon">0</Conf><Conf Id="NoAutocomplete">0</Conf><Conf Id="NoInfotip">0</Conf><Conf Id="NoDragIcon">0</Conf><Conf Id="NewTab"></Conf><Conf Id="OpenMode">0</Conf><Conf Id="ShowInternet">0</Conf><Conf Id="SizeFormat">0</Conf><Conf Id="DateTimeFormat"></Conf><Conf Id="ViewOrder">0</Conf><Conf Id="LibraryFilter">0</Conf><Conf Id="AutoArrange">0</Conf><Conf Id="ColumnEmphasis">0</Conf><Conf Id="HiddenFilter"></Conf><Tab Id="Left">0</Tab><Tab Id="Top">0</Tab><Tab Id="Width">100%</Tab><Tab Id="Height">100%</Tab></TablacusExplorer>
