<?xml version="1.0" encoding="UTF-8"?>
<TablacusExplorer><Window Left="500" Top="242" Width="1225" Height="834" CmdShow="3" DPI="144"/><Ctrl Type="196608" Left="0" Top="0" Width="100%" Height="100%" Style="19009" Align="2" TabWidth="96" TabHeight="0" SelectedIndex="2" Visible="-1" Group="0"><Ctrl Type="1" Path="C:\01.Business\@@@Dental\workspace\js" FolderFlags="8192" ViewMode="4" IconSize="16" Options="8" ViewFlags="1" FilterView="" Lock="0" Align="3" Width="411" Flags="33443" EnumFlags="32" RootStyle="2" Root="0" LogIndex="0"><Log Path="C:\01.Business\@@@Dental\workspace\js"/><Log Path="C:\01.Business\@@@Dental\workspace"/><Log Path="C:\01.Business\@@@Dental\workspace\scss"/><Log Path="C:\01.Business\@@@Dental\workspace\scss\04.contents"/><Log Path="C:\01.Business\@@@Dental\workspace\scss\04.contents\main"/><Log Path="C:\01.Business\@@@Dental\workspace\scss\04.contents"/><Log Path="C:\01.Business\@@@Dental\workspace\scss\04.contents\S"/><Log Path="C:\01.Business\@@@Dental\workspace\scss\04.contents"/><Log Path="C:\01.Business\@@@Dental\workspace\scss"/><Log Path="C:\01.Business\@@@Dental\workspace\scss\04.contents"/><Log Path="C:\01.Business\@@@Dental\workspace\scss"/><Log Path="C:\01.Business\@@@Dental\workspace\scss\03.parts"/><Log Path="C:\01.Business\@@@Dental\workspace\scss"/><Log Path="C:\01.Business\@@@Dental\workspace\scss\50.main"/><Log Path="C:\01.Business\@@@Dental\workspace\scss"/><Log Path="C:\01.Business\@@@Dental\workspace\scss\contents"/><Log Path="C:\01.Business\@@@Dental\workspace\scss"/><Log Path="C:\01.Business\@@@Dental\workspace\scss\contents"/><Log Path="C:\01.Business\@@@Dental\workspace\scss"/><Log Path="C:\01.Business\@@@Dental\workspace\scss\03.parts"/><Log Path="C:\01.Business\@@@Dental\workspace\scss"/><Log Path="C:\01.Business\@@@Dental\workspace\scss\03.parts"/><Log Path="C:\01.Business\@@@Dental\workspace\scss"/><Log Path="C:\01.Business\@@@Dental\workspace\scss\02.mixin"/><Log Path="C:\01.Business\@@@Dental\workspace\scss"/><Log Path="C:\01.Business\@@@Dental\workspace\scss\01.variable"/><Log Path="C:\01.Business\@@@Dental\workspace\scss"/><Log Path="C:\01.Business\@@@Dental\workspace\scss\03.parts"/><Log Path="C:\01.Business\@@@Dental\workspace\scss"/><Log Path="C:\01.Business\@@@Dental\workspace\scss\02.mixin"/><Log Path="C:\01.Business\@@@Dental\workspace\scss"/><Log Path="C:\01.Business\@@@Dental\workspace\scss\01.variable"/></Ctrl><Ctrl Type="1" Path="C:\01.Business\@@@Dental\Backup\workspace_DesingUp_20201114_First\scss\03.parts" FolderFlags="8192" ViewMode="4" IconSize="16" Options="8" ViewFlags="1" FilterView="" Lock="0" Align="3" Width="411" Flags="33443" EnumFlags="32" RootStyle="2" Root="0" LogIndex="0"><Log Path="C:\01.Business\@@@Dental\Backup\workspace_DesingUp_20201114_First\scss\03.parts"/><Log Path="C:\01.Business\@@@Dental\Backup\workspace_DesingUp_20201114_First\scss"/><Log Path="C:\01.Business\@@@Dental\Backup\workspace_DesingUp_20201114_First\scss\contents"/><Log Path="C:\01.Business\@@@Dental\Backup\workspace_DesingUp_20201114_First\scss"/><Log Path="C:\01.Business\@@@Dental\Backup\workspace_DesingUp_20201114_First"/><Log Path="C:\01.Business\@@@Dental\Backup"/><Log Path="C:\01.Business\@@@Dental"/><Log Path="C:\01.Business\99.Web積み上げ\00______Backup_01-15\11.FontFamilyの文字サイズ\01.GoogleFont_Noto_Sans_JP"/><Log Path="C:\01.Business\99.Web積み上げ\00______Backup_01-15\11.FontFamilyの文字サイズ\01.GoogleFont_Noto_Sans_JP\conver1"/><Log Path="C:\01.Business\99.Web積み上げ\00______Backup_01-15\11.FontFamilyの文字サイズ\01.GoogleFont_Noto_Sans_JP"/><Log Path="C:\01.Business\99.Web積み上げ\00______Backup_01-15\11.FontFamilyの文字サイズ\01.GoogleFont_Noto_Sans_JP\conver1"/><Log Path="C:\01.Business\99.Web積み上げ\00______Backup_01-15\11.FontFamilyの文字サイズ\01.GoogleFont_Noto_Sans_JP"/><Log Path="C:\01.Business\99.Web積み上げ\00______Backup_01-15\11.FontFamilyの文字サイズ"/><Log Path="C:\01.Business\99.Web積み上げ\00______Backup_01-15\05.fonts_フォントのサイジング"/><Log Path="C:\01.Business\99.Web積み上げ\00______Backup_01-15"/><Log Path="C:\01.Business\99.Web積み上げ"/><Log Path="C:\01.Business\99.今日積み上げ"/><Log Path="C:\01.Business\@@@Dental\workspace"/></Ctrl><Ctrl Type="1" Path="C:\01.Business\@@@Dental\workspace\images" FolderFlags="8192" ViewMode="1" IconSize="96" Options="8" ViewFlags="1" FilterView="" Lock="0" Align="3" Width="411" Flags="33443" EnumFlags="32" RootStyle="2" Root="0" LogIndex="0"><Log Path="C:\01.Business\@@@Dental\workspace\images"/><Log Path="C:\01.Business\@@@Dental\workspace\images\02.Slide"/><Log Path="C:\01.Business\@@@Dental\workspace\images"/><Log Path="C:\01.Business\@@@Dental\workspace\images\02.Slide"/><Log Path="C:\01.Business\@@@Dental\workspace\images"/><Log Path="C:\01.Business\@@@Dental\workspace\images\02.Slide"/><Log Path="C:\01.Business\@@@Dental\workspace\images"/><Log Path="C:\01.Business\@@@Dental\workspace"/><Log Path="C:\01.Business\@@@Dental\workspace\images"/><Log Path="C:\01.Business\@@@Dental\workspace\images\02.Slide"/><Log Path="C:\01.Business\@@@Dental\workspace\images"/><Log Path="C:\01.Business\@@@Dental\workspace\images\02.Slide"/><Log Path="C:\01.Business\@@@Dental\workspace\images"/><Log Path="C:\01.Business\@@@Dental\workspace\images\02.Slide"/><Log Path="C:\01.Business\@@@Dental\workspace\images"/><Log Path="C:\01.Business\@@@Dental\workspace\images\04.無限スライダー"/><Log Path="C:\01.Business\@@@Dental\workspace\images"/><Log Path="C:\01.Business\@@@Dental\workspace\images\02.Slide"/><Log Path="C:\01.Business\@@@Dental\workspace\images"/><Log Path="C:\01.Business\@@@Dental\workspace\images\04.無限スライダー"/><Log Path="C:\01.Business\@@@Dental\workspace\images"/><Log Path="C:\01.Business\@@@Dental\workspace\images\02.Slide"/><Log Path="C:\01.Business\@@@Dental\workspace\images"/><Log Path="C:\01.Business\@@@Dental\workspace\images\02.Slide"/><Log Path="C:\01.Business\@@@Dental\workspace\images"/><Log Path="C:\01.Business\@@@Dental\workspace\images\02.Slide"/><Log Path="C:\01.Business\@@@Dental\workspace\images"/><Log Path="C:\01.Business\@@@Dental\workspace\images\02.Slide"/><Log Path="C:\01.Business\@@@Dental\workspace\images"/><Log Path="C:\01.Business\@@@Dental\workspace\images\02.Slide"/><Log Path="C:\01.Business\@@@Dental\workspace\images"/><Log Path="C:\01.Business\@@@Dental\workspace\images\02.Slide"/></Ctrl><Ctrl Type="1" Path="C:\01.Business" FolderFlags="8192" ViewMode="4" IconSize="16" Options="8" ViewFlags="1" FilterView="" Lock="0" Align="3" Width="411" Flags="33443" EnumFlags="32" RootStyle="2" Root="0" LogIndex="0"><Log Path="C:\01.Business"/><Log Path="C:\01.Business\@@@Dental"/><Log Path="C:\01.Business"/><Log Path="C:\01.Business\99.Web積み上げ"/><Log Path="C:\01.Business\99.Web積み上げ\00______Backup_01-15"/><Log Path="C:\01.Business\99.Web積み上げ\00______Backup_01-15\03.JavaScriptのクラス追加"/><Log Path="C:\01.Business\99.Web積み上げ\00______Backup_01-15"/><Log Path="C:\01.Business\99.Web積み上げ"/><Log Path="C:\01.Business"/><Log Path="C:\01.Business\99.Web積み上げ"/><Log Path="C:\01.Business\99.Web積み上げ\16.グラデーション_linear"/><Log Path="C:\01.Business\99.Web積み上げ"/><Log Path="C:\01.Business"/><Log Path="C:\01.Business\@@@竹花MUP"/><Log Path="C:\01.Business\@@@竹花MUP\17.Promotion_Structure_1on2"/><Log Path="C:\01.Business\@@@竹花MUP"/><Log Path="C:\01.Business\00.LP作成写真イラスト\003_矢印イメージ"/><Log Path="C:\01.Business\00.LP作成写真イラスト"/><Log Path="C:\01.Business\00.DM作成"/><Log Path="C:\01.Business\99.Web積み上げ\00______Backup_01-15\03.JavaScriptのクラス追加"/><Log Path="C:\01.Business\99.Web積み上げ\00______Backup_01-15"/><Log Path="C:\01.Business\99.Web積み上げ"/><Log Path="C:\01.Business\@@@Dental\Backup\workspace_DesingUp_20201114_First"/><Log Path="C:\01.Business\@@@Dental\Backup\workspace_DesingUp_20201114_First\images"/><Log Path="C:\01.Business\@@@Dental\Backup\workspace_DesingUp_20201114_First"/><Log Path="C:\01.Business\@@@Dental\Backup"/><Log Path="C:\01.Business\@@@Dental"/><Log Path="C:\01.Business\04.Eclipse\02.Eclipse\eclipse\workspace"/><Log Path="C:\01.Business\@@@Dental\workspace\images"/></Ctrl></Ctrl></TablacusExplorer>
